<fluxos>
	<fluxo>
		<appName>Unknown_UDP</appName>
		<totalSourceBytes>16076</totalSourceBytes>
		<totalDestinationBytes>0</totalDestinationBytes>
		<totalDestinationPackets>0</totalDestinationPackets>
		<totalSourcePackets>178</totalSourcePackets>
		<sourcePayloadAsBase64></sourcePayloadAsBase64>
		<destinationPayloadAsBase64></destinationPayloadAsBase64>
		<destinationPayloadAsUTF></destinationPayloadAsUTF>
		<direction>L2R</direction>
		<sourceTCPFlagsDescription>N/A</sourceTCPFlagsDescription>
		<destinationTCPFlagsDescription>N/A</destinationTCPFlagsDescription>
		<source>192.168.5.122</source>
		<protocolName>udp_ip</protocolName>
		<sourcePort>5353</sourcePort>
		<destination>224.0.0.251</destination>
		<destinationPort>5353</destinationPort>
		<startDateTime>2010-06-13T23:57:19</startDateTime>
		<stopDateTime>2010-06-14T00:11:23</stopDateTime>
		<Tag>Normal</Tag>
	</fluxo>	
	<fluxo>
		<appName>HTTPImageTransfer</appName>
		<totalSourceBytes>384</totalSourceBytes>
		<totalDestinationBytes>0</totalDestinationBytes>
		<totalDestinationPackets>0</totalDestinationPackets>
		<totalSourcePackets>6</totalSourcePackets>
		<sourcePayloadAsBase64></sourcePayloadAsBase64>
		<destinationPayloadAsBase64></destinationPayloadAsBase64>
		<destinationPayloadAsUTF></destinationPayloadAsUTF>
		<direction>L2R</direction>
		<sourceTCPFlagsDescription>F,A</sourceTCPFlagsDescription>
		<destinationTCPFlagsDescription></destinationTCPFlagsDescription>
		<source>192.168.2.111</source>
		<protocolName>tcp_ip</protocolName>
		<sourcePort>4435</sourcePort>
		<destination>206.217.198.186</destination>
		<destinationPort>80</destinationPort>
		<startDateTime>2010-06-13T23:58:23</startDateTime>
		<stopDateTime>2010-06-14T00:01:24</stopDateTime>
		<Tag>Normal</Tag>
	</fluxo>
</fluxos>